URL,HTTP Status,Title Tag,Meta Description,H1,Word Count,Canonical Tag,Indexability Status,Page Type
https://www.researchpeptide.uk/,200 expected,Research Peptides UK | Research-Grade Peptides,"Buy research peptides in the UK for laboratory use, with batch documentation, discreet shipping, and research-only support.",Research Peptides UK for Laboratory Research,37,https://www.researchpeptide.uk/,"index, follow",Homepage
https://www.researchpeptide.uk/shop,200 expected,Buy Research Peptides UK | Peptide Catalog,"Browse research peptides for UK laboratories, including GLP, GHRP, KPV, IGF and specialist peptide categories for research use.",Shop Peptides for Research Use,35,https://www.researchpeptide.uk/shop,"index, follow",Product Listing
https://www.researchpeptide.uk/categories,200 expected,Peptide Categories UK | Research Compound Groups,"Explore peptide categories for UK research workflows, from GLP and GHRP peptides to KPV, IGF and specialist compounds.",Research Peptide Categories,36,https://www.researchpeptide.uk/categories,"index, follow",Category Hub
https://www.researchpeptide.uk/blog,200 expected,Peptide Research Blog UK | Scientific Insights,"Read peptide research insights covering synthesis, purity, storage, GLP pathways, IGF signalling and laboratory protocol planning.",Peptide Research Insights,34,https://www.researchpeptide.uk/blog,"index, follow",Blog Hub
https://www.researchpeptide.uk/faq,200 expected,"Research Peptides FAQ UK | Purity, Storage, Shipping","Get answers about research peptide purity, storage, UK shipping, discreet packaging, payment policy and research-use restrictions.",Researcher FAQ,37,https://www.researchpeptide.uk/faq,"index, follow",FAQ
https://www.researchpeptide.uk/shipping,200 expected,Research Peptide Shipping UK | Delivery Protocols,"Review UK and international peptide shipping protocols, tracked dispatch, discreet packaging and customs responsibilities.",Shipping and Delivery,38,https://www.researchpeptide.uk/shipping,"index, follow",Support
https://www.researchpeptide.uk/contact,200 expected,Contact Research Peptides UK | Technical Support,"Contact Research Peptides UK for COA requests, bulk procurement, product stability data, shipping questions and researcher support.",Contact Research Peptides UK,31,https://www.researchpeptide.uk/contact,"index, follow",Support
https://www.researchpeptide.uk/about-us,200 expected,About Research Peptides UK | Research-Only Supplier,"Learn about Research Peptides UK, a research-only peptide supplier focused on documentation, quality controls and technical support.",About Research Peptides UK,31,https://www.researchpeptide.uk/about-us,"index, follow",Trust
https://www.researchpeptide.uk/peptide-guide,200 expected,Peptide Guide UK | Research Handling Basics,"Learn peptide basics for research settings, including synthesis, purification, storage, reconstitution and quality verification.",Peptide Guide,32,https://www.researchpeptide.uk/peptide-guide,"index, follow",Guide
https://www.researchpeptide.uk/peptide-calculator,200 expected,Peptide Calculator | Research Reconstitution Tool,"Use the peptide calculator for research planning estimates covering mass, diluent volume, concentration and target dose volume.",Peptide Calculator,29,https://www.researchpeptide.uk/peptide-calculator,"index, follow",Utility
https://www.researchpeptide.uk/coas,200 expected,COA Library UK | Peptide Batch Verification,"Search peptide Certificate of Analysis references, purity records, batch IDs, test dates and lab verification notes.",COA Library,34,https://www.researchpeptide.uk/coas,"index, follow",Trust
https://www.researchpeptide.uk/peptide-information,200 expected,Peptide Information UK | Synthesis and Purity Basics,"Explore peptide chemistry information for research use, including synthesis, solubility, purification and analytical interpretation.",Peptide Information,27,https://www.researchpeptide.uk/peptide-information,"index, follow",Guide
https://www.researchpeptide.uk/peptide-research,200 expected,"Peptide Research UK | GLP, KPV and IGF Briefs","Read research briefs on GLP peptides, KPV peptide, IGF-1 peptide, mitochondrial peptides and experimental pathway topics.",Peptide Research,30,https://www.researchpeptide.uk/peptide-research,"index, follow",Guide
https://www.researchpeptide.uk/terms,200 expected,Terms and Conditions | Research Peptides UK,"Read Research Peptides UK terms covering research-only use, buyer eligibility, compliance responsibilities and order policies.",Terms and Conditions,34,https://www.researchpeptide.uk/terms,"index, follow",Policy
https://www.researchpeptide.uk/privacy,200 expected,Privacy Policy | Research Peptides UK,"Review how Research Peptides UK handles researcher data, order information, security, retention and UK privacy rights.",Privacy Policy,31,https://www.researchpeptide.uk/privacy,"index, follow",Policy
https://www.researchpeptide.uk/refund-returns,200 expected,Refunds and Returns | Research Peptides UK,"Understand Research Peptides UK refund and returns policy for research compounds, shipping issues and batch concerns.",Refunds and Returns,26,https://www.researchpeptide.uk/refund-returns,"index, follow",Policy
https://www.researchpeptide.uk/product/tb500-frag,200 expected,TB500 (Frag) | Research Peptides UK,Thymosin beta fragment scaffold.,TB500 (Frag),4,https://www.researchpeptide.uk/product/tb500-frag,"index, follow",Product Page
https://www.researchpeptide.uk/product/hgh-fragment-176-191,200 expected,HGH Fragment 176-191 | Research Peptides UK,Isolated C-terminal fragment reference material.,HGH Fragment 176-191,5,https://www.researchpeptide.uk/product/hgh-fragment-176-191,"index, follow",Product Page
https://www.researchpeptide.uk/product/dsip,200 expected,DSIP | Research Peptides UK,Delta sleep-inducing peptide reference standard.,DSIP,5,https://www.researchpeptide.uk/product/dsip,"index, follow",Product Page
https://www.researchpeptide.uk/product/selank,200 expected,Selank | Research Peptides UK,Anxiolytic peptide nootropic scaffold for neurochemical studies.,Selank,7,https://www.researchpeptide.uk/product/selank,"index, follow",Product Page
https://www.researchpeptide.uk/product/snap-8,200 expected,SNAP-8 | Research Peptides UK,Neurotransmitter-snare mimetic cosmetic-research peptide.,SNAP-8,4,https://www.researchpeptide.uk/product/snap-8,"index, follow",Product Page
https://www.researchpeptide.uk/product/ace-031,200 expected,ACE-031 | Research Peptides UK,Myostatin pathway research ligand.,ACE-031,4,https://www.researchpeptide.uk/product/ace-031,"index, follow",Product Page
https://www.researchpeptide.uk/product/cjc-1295-no-dac-ipamorelin-blend,200 expected,CJC-1295 (No DAC) + Ipamorelin Blend | Research Peptides UK,Combined secretagogue blend in one vial pack size.,CJC-1295 (No DAC) + Ipamorelin Blend,8,https://www.researchpeptide.uk/product/cjc-1295-no-dac-ipamorelin-blend,"index, follow",Product Page
https://www.researchpeptide.uk/product/insulin-3ml,200 expected,Insulin (3ml) | Research Peptides UK,Injectable insulin reference listing (laboratory supply).,Insulin (3ml),6,https://www.researchpeptide.uk/product/insulin-3ml,"index, follow",Product Page
https://www.researchpeptide.uk/product/ahk-cu,200 expected,AHK-CU | Research Peptides UK,Copper-binding tripeptide analog.,AHK-CU,3,https://www.researchpeptide.uk/product/ahk-cu,"index, follow",Product Page
https://www.researchpeptide.uk/product/nad,200 expected,NAD+ | Research Peptides UK,Nicotinamide adenine dinucleotide bulk vials.,NAD+,5,https://www.researchpeptide.uk/product/nad,"index, follow",Product Page
https://www.researchpeptide.uk/product/retatrutide-cagrilintide-blend,200 expected,Retatrutide + Cagrilintide Blend | Research Peptides UK,Combined metabolic agonist blend vial.,Retatrutide + Cagrilintide Blend,5,https://www.researchpeptide.uk/product/retatrutide-cagrilintide-blend,"index, follow",Product Page
https://www.researchpeptide.uk/product/survodutide,200 expected,Survodutide | Research Peptides UK,GCGR / GLP-1 dual agonist class (research).,Survodutide,7,https://www.researchpeptide.uk/product/survodutide,"index, follow",Product Page
https://www.researchpeptide.uk/product/thymalin,200 expected,Thymalin | Research Peptides UK,Thymic peptide complex analog.,Thymalin,4,https://www.researchpeptide.uk/product/thymalin,"index, follow",Product Page
https://www.researchpeptide.uk/product/cjc-1295-with-dac,200 expected,CJC-1295 (With DAC) | Research Peptides UK,Extended half-life GHRH analog (DAC).,CJC-1295 (With DAC),5,https://www.researchpeptide.uk/product/cjc-1295-with-dac,"index, follow",Product Page
https://www.researchpeptide.uk/product/follistatin,200 expected,Follistatin | Research Peptides UK,Binding protein / regulatory scaffold.,Follistatin,5,https://www.researchpeptide.uk/product/follistatin,"index, follow",Product Page
https://www.researchpeptide.uk/product/hcg,200 expected,HCG | Research Peptides UK,Gonadotropin scaffold (labeled purity by IU). Research use.,HCG,8,https://www.researchpeptide.uk/product/hcg,"index, follow",Product Page
https://www.researchpeptide.uk/product/hyaluronic-acid,200 expected,Hyaluronic Acid | Research Peptides UK,Glycosaminoglycan hydrator reference.,Hyaluronic Acid,3,https://www.researchpeptide.uk/product/hyaluronic-acid,"index, follow",Product Page
https://www.researchpeptide.uk/product/testagen,200 expected,Testagen | Research Peptides UK,Research peptide listing.,Testagen,3,https://www.researchpeptide.uk/product/testagen,"index, follow",Product Page
https://www.researchpeptide.uk/product/cagrilintide,200 expected,Cagrilintide | Research Peptides UK,Long-acting amylin analog (research).,Cagrilintide,4,https://www.researchpeptide.uk/product/cagrilintide,"index, follow",Product Page
https://www.researchpeptide.uk/product/igf-1-lr3,200 expected,IGF-1 LR3 | Research Peptides UK,Long-acting insulin-like growth factor analog.,IGF-1 LR3,5,https://www.researchpeptide.uk/product/igf-1-lr3,"index, follow",Product Page
https://www.researchpeptide.uk/product/pt-141,200 expected,PT-141 | Research Peptides UK,Melanocortin receptor agonist.,PT-141,3,https://www.researchpeptide.uk/product/pt-141,"index, follow",Product Page
https://www.researchpeptide.uk/product/retatrutide,200 expected,Retatrutide | Research Peptides UK,Triple GLP-1 / GIP / glucagon receptor agonist scaffold (research).,Retatrutide,10,https://www.researchpeptide.uk/product/retatrutide,"index, follow",Product Page
https://www.researchpeptide.uk/product/bpc-157-ghk-cu-tb500-blend-70mg,200 expected,BPC-157 + GHK-CU + TB500 Blend (70mg) | Research Peptides UK,Multi-component lyophilized blend as listed.,BPC-157 + GHK-CU + TB500 Blend (70mg),5,https://www.researchpeptide.uk/product/bpc-157-ghk-cu-tb500-blend-70mg,"index, follow",Product Page
https://www.researchpeptide.uk/product/dermorphin,200 expected,Dermorphin | Research Peptides UK,Opioid heptapeptide analog.,Dermorphin,3,https://www.researchpeptide.uk/product/dermorphin,"index, follow",Product Page
https://www.researchpeptide.uk/product/melatonin,200 expected,Melatonin | Research Peptides UK,Indoleamine hormone reference standard.,Melatonin,4,https://www.researchpeptide.uk/product/melatonin,"index, follow",Product Page
https://www.researchpeptide.uk/product/mgf,200 expected,MGF | Research Peptides UK,Mechano growth factor splice variant analog.,MGF,6,https://www.researchpeptide.uk/product/mgf,"index, follow",Product Page
https://www.researchpeptide.uk/product/semaglutide,200 expected,Semaglutide | Research Peptides UK,GLP-1 receptor agonist scaffold (research).,Semaglutide,5,https://www.researchpeptide.uk/product/semaglutide,"index, follow",Product Page
https://www.researchpeptide.uk/product/vip,200 expected,VIP | Research Peptides UK,Vasoactive intestinal peptide.,VIP,3,https://www.researchpeptide.uk/product/vip,"index, follow",Product Page
https://www.researchpeptide.uk/product/alprostadil,200 expected,Alprostadil | Research Peptides UK,Prostaglandin E1 analog.,Alprostadil,3,https://www.researchpeptide.uk/product/alprostadil,"index, follow",Product Page
https://www.researchpeptide.uk/product/igf-des,200 expected,IGF-DES | Research Peptides UK,Short IGF variant analog.,IGF-DES,4,https://www.researchpeptide.uk/product/igf-des,"index, follow",Product Page
https://www.researchpeptide.uk/product/mazdutide,200 expected,Mazdutide | Research Peptides UK,GLP-1 / glucagon co-agonist class (research).,Mazdutide,6,https://www.researchpeptide.uk/product/mazdutide,"index, follow",Product Page
https://www.researchpeptide.uk/product/peg-mgf,200 expected,PEG MGF | Research Peptides UK,PEGylated mechano growth factor analog.,PEG MGF,5,https://www.researchpeptide.uk/product/peg-mgf,"index, follow",Product Page
https://www.researchpeptide.uk/product/sermorelin-acetate,200 expected,Sermorelin Acetate (powder list) | Research Peptides UK,GHRH fragment secretagogue analog.,Sermorelin Acetate (powder list),4,https://www.researchpeptide.uk/product/sermorelin-acetate,"index, follow",Product Page
https://www.researchpeptide.uk/product/cagrilintide-semaglutide-blend,200 expected,Cagrilintide + Semaglutide Blend | Research Peptides UK,Combined incretin-related blend vial.,Cagrilintide + Semaglutide Blend,4,https://www.researchpeptide.uk/product/cagrilintide-semaglutide-blend,"index, follow",Product Page
https://www.researchpeptide.uk/product/cjc-1295-without-dac,200 expected,CJC-1295 (Without DAC) | Research Peptides UK,GHRH analog scaffold without drug affinity complex.,CJC-1295 (Without DAC),7,https://www.researchpeptide.uk/product/cjc-1295-without-dac,"index, follow",Product Page
https://www.researchpeptide.uk/product/ghrp-2-acetate,200 expected,GHRP-2 Acetate | Research Peptides UK,Growth hormone secretagogue peptide (acetate salt).,GHRP-2 Acetate,6,https://www.researchpeptide.uk/product/ghrp-2-acetate,"index, follow",Product Page
https://www.researchpeptide.uk/product/glutathione,200 expected,Glutathione | Research Peptides UK,Tripeptide antioxidant reference bulk.,Glutathione,4,https://www.researchpeptide.uk/product/glutathione,"index, follow",Product Page
https://www.researchpeptide.uk/product/kpv,200 expected,KPV | Research Peptides UK,Anti-inflammatory tripeptide fragment.,KPV,3,https://www.researchpeptide.uk/product/kpv,"index, follow",Product Page
https://www.researchpeptide.uk/product/lemon-bottle,200 expected,Lemon Bottle | Research Peptides UK,Accessory listing from catalog (research supply).,Lemon Bottle,6,https://www.researchpeptide.uk/product/lemon-bottle,"index, follow",Product Page
https://www.researchpeptide.uk/product/bacteriostatic-water,200 expected,Bacteriostatic Water | Research Peptides UK,Sterile diluent for reconstitution (multi-SKU listing).,Bacteriostatic Water,6,https://www.researchpeptide.uk/product/bacteriostatic-water,"index, follow",Product Page
https://www.researchpeptide.uk/product/hmg,200 expected,HMG | Research Peptides UK,Gonadotropin blend (labeled IU).,HMG,4,https://www.researchpeptide.uk/product/hmg,"index, follow",Product Page
https://www.researchpeptide.uk/product/n-acetyl-epitalon-amidate,200 expected,N-Acetyl Epitalon Amidate | Research Peptides UK,Stabilized epithalon derivative.,N-Acetyl Epitalon Amidate,3,https://www.researchpeptide.uk/product/n-acetyl-epitalon-amidate,"index, follow",Product Page
https://www.researchpeptide.uk/product/pinealon,200 expected,Pinealon | Research Peptides UK,Bioregulatory tripeptide.,Pinealon,2,https://www.researchpeptide.uk/product/pinealon,"index, follow",Product Page
https://www.researchpeptide.uk/product/bpc-157-ghk-cu-tb500-kpv-blend-80mg,200 expected,BPC-157 + GHK-CU + TB500 + KPV Blend (80mg) | Research Peptides UK,Multi-component lyophilized blend as listed.,BPC-157 + GHK-CU + TB500 + KPV Blend (80mg),5,https://www.researchpeptide.uk/product/bpc-157-ghk-cu-tb500-kpv-blend-80mg,"index, follow",Product Page
https://www.researchpeptide.uk/product/cerebrolysin,200 expected,Cerebrolysin | Research Peptides UK,Neuropeptide-derived mixture listing.,Cerebrolysin,3,https://www.researchpeptide.uk/product/cerebrolysin,"index, follow",Product Page
https://www.researchpeptide.uk/product/hgh-191aa-somatropin,200 expected,HGH 191AA (Somatropin) | Research Peptides UK,Lyophilized somatropin-class reference material (191 AA). For qualified laboratory research only.,HGH 191AA (Somatropin),11,https://www.researchpeptide.uk/product/hgh-191aa-somatropin,"index, follow",Product Page
https://www.researchpeptide.uk/product/mt-1,200 expected,MT-1 | Research Peptides UK,Synthetic melanotropic peptide.,MT-1,3,https://www.researchpeptide.uk/product/mt-1,"index, follow",Product Page
https://www.researchpeptide.uk/product/hexarelin-acetate,200 expected,Hexarelin Acetate (powder list) | Research Peptides UK,Synthetic GHRP-class hexapeptide (acetate).,Hexarelin Acetate (powder list),4,https://www.researchpeptide.uk/product/hexarelin-acetate,"index, follow",Product Page
https://www.researchpeptide.uk/product/tesamorelin,200 expected,Tesamorelin (powder list) | Research Peptides UK,GHRH analog for visceral adiposity research contexts.,Tesamorelin (powder list),7,https://www.researchpeptide.uk/product/tesamorelin,"index, follow",Product Page
https://www.researchpeptide.uk/product/vilon,200 expected,VILON | Research Peptides UK,Bioregulatory dipeptide.,VILON,2,https://www.researchpeptide.uk/product/vilon,"index, follow",Product Page
https://www.researchpeptide.uk/product/p21,200 expected,P21 | Research Peptides UK,Neurogenic peptide scaffold.,P21,3,https://www.researchpeptide.uk/product/p21,"index, follow",Product Page
https://www.researchpeptide.uk/product/pnc-27,200 expected,PNC-27 | Research Peptides UK,Oncolytic peptide research analog.,PNC-27,4,https://www.researchpeptide.uk/product/pnc-27,"index, follow",Product Page
https://www.researchpeptide.uk/product/slu-pp-332,200 expected,SLU-PP-332 (powder list) | Research Peptides UK,ERR agonist research small molecule.,SLU-PP-332 (powder list),5,https://www.researchpeptide.uk/product/slu-pp-332,"index, follow",Product Page
https://www.researchpeptide.uk/product/bpc-tb-blend-powder,200 expected,BPC + TB Blend (Powder) | Research Peptides UK,Combined lyophilized BPC / TB scaffold in one pack size.,BPC + TB Blend (Powder),10,https://www.researchpeptide.uk/product/bpc-tb-blend-powder,"index, follow",Product Page
https://www.researchpeptide.uk/product/epo,200 expected,EPO | Research Peptides UK,Erythropoietin-class listing (research).,EPO,3,https://www.researchpeptide.uk/product/epo,"index, follow",Product Page
https://www.researchpeptide.uk/product/foxo4-dri,200 expected,FOXO4-DRI | Research Peptides UK,Cellular senescence pathway research peptide.,FOXO4-DRI,5,https://www.researchpeptide.uk/product/foxo4-dri,"index, follow",Product Page
https://www.researchpeptide.uk/product/glp-1-5mg-vial,200 expected,GLP-1 (5mg/vial) | Research Peptides UK,GLP-1 receptor agonist class (listed pack).,GLP-1 (5mg/vial),6,https://www.researchpeptide.uk/product/glp-1-5mg-vial,"index, follow",Product Page
https://www.researchpeptide.uk/product/gonadorelin-acetate,200 expected,Gonadorelin Acetate | Research Peptides UK,GnRH analog peptide.,Gonadorelin Acetate,3,https://www.researchpeptide.uk/product/gonadorelin-acetate,"index, follow",Product Page
https://www.researchpeptide.uk/product/mots-c,200 expected,MOTS-c | Research Peptides UK,Mitochondrial-encoded signaling peptide.,MOTS-c,3,https://www.researchpeptide.uk/product/mots-c,"index, follow",Product Page
https://www.researchpeptide.uk/product/adamax,200 expected,Adamax | Research Peptides UK,Semax-derived research analog.,Adamax,3,https://www.researchpeptide.uk/product/adamax,"index, follow",Product Page
https://www.researchpeptide.uk/product/gdf-8-myostatin,200 expected,GDF-8 (Myostatin) | Research Peptides UK,Myostatin propeptide scaffold.,GDF-8 (Myostatin),3,https://www.researchpeptide.uk/product/gdf-8-myostatin,"index, follow",Product Page
https://www.researchpeptide.uk/product/mt-2-melanotan-2-acetate,200 expected,MT-2 (Melanotan 2 Acetate) | Research Peptides UK,Melanocortin receptor agonist (acetate salt). Research use only.,MT-2 (Melanotan 2 Acetate),8,https://www.researchpeptide.uk/product/mt-2-melanotan-2-acetate,"index, follow",Product Page
https://www.researchpeptide.uk/product/pe-22-28,200 expected,PE 22-28 | Research Peptides UK,Tissue factor pathway research peptide.,PE 22-28,5,https://www.researchpeptide.uk/product/pe-22-28,"index, follow",Product Page
https://www.researchpeptide.uk/product/ss-31,200 expected,SS-31 (powder list) | Research Peptides UK,Mitochondrial-targeted tetrapeptide.,SS-31 (powder list),2,https://www.researchpeptide.uk/product/ss-31,"index, follow",Product Page
https://www.researchpeptide.uk/product/tb500-thymosin-beta-4-acetate,200 expected,TB500 (Thymosin Beta-4 Acetate) | Research Peptides UK,Actin-binding thymosin fragment analog.,TB500 (Thymosin Beta-4 Acetate),4,https://www.researchpeptide.uk/product/tb500-thymosin-beta-4-acetate,"index, follow",Product Page
https://www.researchpeptide.uk/product/tirzepatide,200 expected,Tirzepatide (powder list) | Research Peptides UK,Dual GIP/GLP-1 agonist scaffold (research).,Tirzepatide (powder list),5,https://www.researchpeptide.uk/product/tirzepatide,"index, follow",Product Page
https://www.researchpeptide.uk/product/ipamorelin,200 expected,Ipamorelin (powder list) | Research Peptides UK,Selective GH secretagogue pentapeptide.,Ipamorelin (powder list),4,https://www.researchpeptide.uk/product/ipamorelin,"index, follow",Product Page
https://www.researchpeptide.uk/product/thymosin-alpha-1,200 expected,Thymosin Alpha-1 (powder list) | Research Peptides UK,Immune-modulatory thymic peptide.,Thymosin Alpha-1 (powder list),3,https://www.researchpeptide.uk/product/thymosin-alpha-1,"index, follow",Product Page
https://www.researchpeptide.uk/product/oxytocin-acetate,200 expected,Oxytocin Acetate (powder list) | Research Peptides UK,Nonapeptide hormone analog (acetate).,Oxytocin Acetate (powder list),4,https://www.researchpeptide.uk/product/oxytocin-acetate,"index, follow",Product Page
https://www.researchpeptide.uk/product/ll-37,200 expected,LL-37 (powder list) | Research Peptides UK,Cathelicidin-class antimicrobial peptide.,LL-37 (powder list),3,https://www.researchpeptide.uk/product/ll-37,"index, follow",Product Page
https://www.researchpeptide.uk/product/semax,200 expected,Semax (powder list) | Research Peptides UK,ACTH-derived neuropeptide scaffold.,Semax (powder list),3,https://www.researchpeptide.uk/product/semax,"index, follow",Product Page
https://www.researchpeptide.uk/product/5-amino-1mq,200 expected,5-Amino-1MQ | Research Peptides UK,Small-molecule metabolic research compound (listed as powder vials).,5-Amino-1MQ,8,https://www.researchpeptide.uk/product/5-amino-1mq,"index, follow",Product Page
https://www.researchpeptide.uk/product/ara-290,200 expected,Ara-290 | Research Peptides UK,Erythropoietin-derived peptide.,Ara-290,2,https://www.researchpeptide.uk/product/ara-290,"index, follow",Product Page
https://www.researchpeptide.uk/product/botulinum-toxin-100iu,200 expected,Botulinum Toxin (100iu) | Research Peptides UK,Neuromodulator reference vial pack (research).,Botulinum Toxin (100iu),5,https://www.researchpeptide.uk/product/botulinum-toxin-100iu,"index, follow",Product Page
https://www.researchpeptide.uk/product/adipotide,200 expected,Adipotide (powder list) | Research Peptides UK,Pro-apoptotic research peptide.,Adipotide (powder list),3,https://www.researchpeptide.uk/product/adipotide,"index, follow",Product Page
https://www.researchpeptide.uk/product/aod9604,200 expected,AOD9604 | Research Peptides UK,HGH fragment-class metabolic research peptide.,AOD9604,5,https://www.researchpeptide.uk/product/aod9604,"index, follow",Product Page
https://www.researchpeptide.uk/product/aicar,200 expected,AICAR (powder list) | Research Peptides UK,AMPK pathway modulator (research).,AICAR (powder list),4,https://www.researchpeptide.uk/product/aicar,"index, follow",Product Page
https://www.researchpeptide.uk/product/epithalon,200 expected,Epithalon (powder list) | Research Peptides UK,Telomerase pathway research peptide.,Epithalon (powder list),4,https://www.researchpeptide.uk/product/epithalon,"index, follow",Product Page
https://www.researchpeptide.uk/product/ghrp-6-acetate,200 expected,GHRP-6 Acetate | Research Peptides UK,Growth hormone secretagogue peptide (acetate salt).,GHRP-6 Acetate,6,https://www.researchpeptide.uk/product/ghrp-6-acetate,"index, follow",Product Page
https://www.researchpeptide.uk/product/kisspeptin-10,200 expected,Kisspeptin-10 | Research Peptides UK,Kisspeptin fragment analog.,Kisspeptin-10,3,https://www.researchpeptide.uk/product/kisspeptin-10,"index, follow",Product Page
https://www.researchpeptide.uk/product/bpc-157,200 expected,BPC 157 | Research Peptides UK,Pentadecapeptide body-protection compound scaffold.,BPC 157,4,https://www.researchpeptide.uk/product/bpc-157,"index, follow",Product Page
https://www.researchpeptide.uk/product/ghk-cu,200 expected,GHK-CU (powder list) | Research Peptides UK,Copper tripeptide complex.,GHK-CU (powder list),3,https://www.researchpeptide.uk/product/ghk-cu,"index, follow",Product Page
https://www.researchpeptide.uk/product/vio-labs-retatrutide-40mg-3ml-prefilled-pen,200 expected,Vio Labs Retatrutide 40mg / 3ml Prefilled Pen | Research Peptides UK,Retatrutide 40mg/3ml prefilled pen designed for precision lab handling. Delivers consistent dosing format for structured analytical and method development workflows. Research use only.,Vio Labs Retatrutide 40mg / 3ml Prefilled Pen,23,https://www.researchpeptide.uk/product/vio-labs-retatrutide-40mg-3ml-prefilled-pen,"index, follow",Product Page
https://www.researchpeptide.uk/product/tirzepatide-100mg-one-vial,200 expected,Tirzepatide 100mg One Vial | Research Peptides UK,Single 100mg lyophilized Tirzepatide vial for advanced laboratory protocols. Supports receptor and stability-focused peptide research in controlled environments. Research use only.,Tirzepatide 100mg One Vial,21,https://www.researchpeptide.uk/product/tirzepatide-100mg-one-vial,"index, follow",Product Page
https://www.researchpeptide.uk/product/mots-c-x-10-vials,200 expected,MOTS-c x 10 Vials | Research Peptides UK,MOTS-c peptide supplied as 10 sterile lyophilized vials for laboratory research. Optimized for metabolic signaling studies and controlled analytical workflows. Research use only.,MOTS-c x 10 Vials,23,https://www.researchpeptide.uk/product/mots-c-x-10-vials,"index, follow",Product Page
https://www.researchpeptide.uk/product/hcg-x-10-vials,200 expected,HCG x 10 Vials | Research Peptides UK,"HCG provided in 10 sterile lyophilized vials for structured lab applications. Prepared for analytical workflows, protocol validation, and reproducible handling. Research use only.",HCG x 10 Vials,23,https://www.researchpeptide.uk/product/hcg-x-10-vials,"index, follow",Product Page
https://www.researchpeptide.uk/product/ghk-cu-x-10-vials,200 expected,GHK-CU x 10 Vials | Research Peptides UK,Copper tripeptide (GHK-CU) supplied as 10 lyophilized sterile vials. Suitable for peptide-metal interaction analysis and controlled biochemical testing. Research use only.,GHK-CU x 10 Vials,21,https://www.researchpeptide.uk/product/ghk-cu-x-10-vials,"index, follow",Product Page
https://www.researchpeptide.uk/product/diosa-glow-70mg-prefilled-pen,200 expected,DIOSA GLOW 70mg Prefilled Pen | Research Peptides UK,"Research blend featuring BPC-157, TB500, and GHK-CU in a 70mg prefilled pen format. Made for precision handling and consistent experimental setup in lab environments. Research use only.",DIOSA GLOW 70mg Prefilled Pen,27,https://www.researchpeptide.uk/product/diosa-glow-70mg-prefilled-pen,"index, follow",Product Page
https://www.researchpeptide.uk/product/bpc-157-tb500-x-10-vials,200 expected,BPC 157 + TB500 x 10 Vials | Research Peptides UK,"Dual blend of BPC-157 and TB500 supplied in 10 sterile lyophilized vials. Built for controlled laboratory protocols, method validation, and repeatable assay work. Research use only.",BPC 157 + TB500 x 10 Vials,26,https://www.researchpeptide.uk/product/bpc-157-tb500-x-10-vials,"index, follow",Product Page
https://www.researchpeptide.uk/product/bpc-157-ghk-cu-tb500-x-10-vials,200 expected,BPC 157 + GHK-CU + TB500 x 10 Vials | Research Peptides UK,"Multi-peptide blend with BPC-157, GHK-CU, and TB500 in 10 sterile lyophilized vials. Supports structured in-vitro testing and compound interaction research. Research use only.",BPC 157 + GHK-CU + TB500 x 10 Vials,23,https://www.researchpeptide.uk/product/bpc-157-ghk-cu-tb500-x-10-vials,"index, follow",Product Page
https://www.researchpeptide.uk/product/bpc-157-x-10-vials,200 expected,BPC 157 x 10 Vials | Research Peptides UK,High-purity BPC-157 supplied in 10 sterile lyophilized vials for laboratory workflows. Designed for controlled peptide stability and assay development studies. Research use only.,BPC 157 x 10 Vials,23,https://www.researchpeptide.uk/product/bpc-157-x-10-vials,"index, follow",Product Page
https://www.researchpeptide.uk/product/sildenafil,200 expected,Sildenafil | Research Peptides UK,Premium research peptide for laboratory research use only.,Sildenafil,8,https://www.researchpeptide.uk/product/sildenafil,"index, follow",Product Page
https://www.researchpeptide.uk/product/ghrp-2-10mg,200 expected,GHRP 2 10mg | Research Peptides UK,Premium research peptide for laboratory research use only.,GHRP 2 10mg,8,https://www.researchpeptide.uk/product/ghrp-2-10mg,"index, follow",Product Page
https://www.researchpeptide.uk/product/ghrp-6-10mg,200 expected,GHRP 6 10mg | Research Peptides UK,Premium research peptide for laboratory research use only.,GHRP 6 10mg,8,https://www.researchpeptide.uk/product/ghrp-6-10mg,"index, follow",Product Page
https://www.researchpeptide.uk/product/cjc-1295-no-dac-5mg,200 expected,CJC 1295 NO DAC 5MG | Research Peptides UK,Premium research peptide for laboratory research use only.,CJC 1295 NO DAC 5MG,8,https://www.researchpeptide.uk/product/cjc-1295-no-dac-5mg,"index, follow",Product Page
https://www.researchpeptide.uk/product/cjc-1295-with-dac-2mg,200 expected,CJC 1295 with DAC 2MG | Research Peptides UK,Premium research peptide for laboratory research use only.,CJC 1295 with DAC 2MG,8,https://www.researchpeptide.uk/product/cjc-1295-with-dac-2mg,"index, follow",Product Page
https://www.researchpeptide.uk/product/peg-mgf-2mg,200 expected,PEG MGF 2mg | Research Peptides UK,Premium research peptide for laboratory research use only.,PEG MGF 2mg,8,https://www.researchpeptide.uk/product/peg-mgf-2mg,"index, follow",Product Page
https://www.researchpeptide.uk/product/hexarelin-2mg,200 expected,Hexarelin 2mg | Research Peptides UK,Premium research peptide for laboratory research use only.,Hexarelin 2mg,8,https://www.researchpeptide.uk/product/hexarelin-2mg,"index, follow",Product Page
https://www.researchpeptide.uk/product/bacteriostatic-water-0-9-benzyl-alcohol-10ml-hospira-injection-usp,200 expected,Bacteriostatic Water 0.9% Benzyl Alcohol 10mL – Hospira Injection USP | Research Peptides UK,Premium research peptide for laboratory research use only.,Bacteriostatic Water 0.9% Benzyl Alcohol 10mL – Hospira Injection USP,8,https://www.researchpeptide.uk/product/bacteriostatic-water-0-9-benzyl-alcohol-10ml-hospira-injection-usp,"index, follow",Product Page
https://www.researchpeptide.uk/product/bpc-5mg-tb-5mg,200 expected,BPC 5mg + TB 5mg | Research Peptides UK,Premium research peptide for laboratory research use only.,BPC 5mg + TB 5mg,8,https://www.researchpeptide.uk/product/bpc-5mg-tb-5mg,"index, follow",Product Page
https://www.researchpeptide.uk/product/ghrp-6-5mg,200 expected,GHRP 6 5mg | Research Peptides UK,Premium research peptide for laboratory research use only.,GHRP 6 5mg,8,https://www.researchpeptide.uk/product/ghrp-6-5mg,"index, follow",Product Page
https://www.researchpeptide.uk/product/cjc-1295-no-dac-5mg-ipamorelin-5mg-10mg-total-peptide-blend,200 expected,"CJC-1295 No DAC 5mg, Ipamorelin 5mg (10mg Total Peptide Blend) | Research Peptides UK",Premium research peptide for laboratory research use only.,"CJC-1295 No DAC 5mg, Ipamorelin 5mg (10mg Total Peptide Blend)",8,https://www.researchpeptide.uk/product/cjc-1295-no-dac-5mg-ipamorelin-5mg-10mg-total-peptide-blend,"index, follow",Product Page
https://www.researchpeptide.uk/product/ghrp-2-pralmorelin-5mg,200 expected,GHRP 2 (Pralmorelin) 5mg | Research Peptides UK,Premium research peptide for laboratory research use only.,GHRP 2 (Pralmorelin) 5mg,8,https://www.researchpeptide.uk/product/ghrp-2-pralmorelin-5mg,"index, follow",Product Page
https://www.researchpeptide.uk/product/nad-250mg,200 expected,Nad+ 250mg | Research Peptides UK,Premium research peptide for laboratory research use only.,Nad+ 250mg,8,https://www.researchpeptide.uk/product/nad-250mg,"index, follow",Product Page
https://www.researchpeptide.uk/product/semaglutide-glp-1,200 expected,Semaglutide – GLP-1 | Research Peptides UK,Premium research peptide for laboratory research use only.,Semaglutide – GLP-1,8,https://www.researchpeptide.uk/product/semaglutide-glp-1,"index, follow",Product Page
https://www.researchpeptide.uk/product/glow-blend-ghk-cu-bpc157-tb500,200 expected,Glow Blend (GHK-CU/BPC157/TB500) | Research Peptides UK,Premium research peptide for laboratory research use only.,Glow Blend (GHK-CU/BPC157/TB500),8,https://www.researchpeptide.uk/product/glow-blend-ghk-cu-bpc157-tb500,"index, follow",Product Page
https://www.researchpeptide.uk/product/igf-1-1-3-1mg,200 expected,IGF-1 (1-3) 1mg | Research Peptides UK,Premium research peptide for laboratory research use only.,IGF-1 (1-3) 1mg,8,https://www.researchpeptide.uk/product/igf-1-1-3-1mg,"index, follow",Product Page
https://www.researchpeptide.uk/product/klow-blend-ghk-cu-bpc157-tb500-kpv,200 expected,Klow Blend (GHK-CU/BPC157/TB500/KPV) | Research Peptides UK,Premium research peptide for laboratory research use only.,Klow Blend (GHK-CU/BPC157/TB500/KPV),8,https://www.researchpeptide.uk/product/klow-blend-ghk-cu-bpc157-tb500-kpv,"index, follow",Product Page
https://www.researchpeptide.uk/product/aod-9604-5mg,200 expected,AOD 9604 5mg | Research Peptides UK,Premium research peptide for laboratory research use only.,AOD 9604 5mg,8,https://www.researchpeptide.uk/product/aod-9604-5mg,"index, follow",Product Page
https://www.researchpeptide.uk/product/hgh-fragment-176-191-10mg,200 expected,HGH Fragment 176-191 10mg | Research Peptides UK,Premium research peptide for laboratory research use only.,HGH Fragment 176-191 10mg,8,https://www.researchpeptide.uk/product/hgh-fragment-176-191-10mg,"index, follow",Product Page
https://www.researchpeptide.uk/product/tesofensine-500mcg-100-tablets,200 expected,Tesofensine 500mcg (100 tablets) | Research Peptides UK,Premium research peptide for laboratory research use only.,Tesofensine 500mcg (100 tablets),8,https://www.researchpeptide.uk/product/tesofensine-500mcg-100-tablets,"index, follow",Product Page
https://www.researchpeptide.uk/product/triptorelin-gnrh-100mg,200 expected,Triptorelin (GNRH ) 100mg | Research Peptides UK,Premium research peptide for laboratory research use only.,Triptorelin (GNRH ) 100mg,8,https://www.researchpeptide.uk/product/triptorelin-gnrh-100mg,"index, follow",Product Page
https://www.researchpeptide.uk/product/myostatin-1mg,200 expected,Myostatin 1mg | Research Peptides UK,Premium research peptide for laboratory research use only.,Myostatin 1mg,8,https://www.researchpeptide.uk/product/myostatin-1mg,"index, follow",Product Page
https://www.researchpeptide.uk/product/thymosin-beta-4-tb500-5mg,200 expected,Thymosin Beta 4 (TB500) 5mg | Research Peptides UK,Premium research peptide for laboratory research use only.,Thymosin Beta 4 (TB500) 5mg,8,https://www.researchpeptide.uk/product/thymosin-beta-4-tb500-5mg,"index, follow",Product Page
https://www.researchpeptide.uk/product/igf-1-des-1mg,200 expected,IGF 1 DES 1mg | Research Peptides UK,Premium research peptide for laboratory research use only.,IGF 1 DES 1mg,8,https://www.researchpeptide.uk/product/igf-1-des-1mg,"index, follow",Product Page
https://www.researchpeptide.uk/product/l-carnitine-600mg,200 expected,L-Carnitine 600mg | Research Peptides UK,Premium research peptide for laboratory research use only.,L-Carnitine 600mg,8,https://www.researchpeptide.uk/product/l-carnitine-600mg,"index, follow",Product Page
https://www.researchpeptide.uk/product/gonadorelin-acetate-gnrh-2mg,200 expected,Gonadorelin Acetate(GnRH) 2mg | Research Peptides UK,Premium research peptide for laboratory research use only.,Gonadorelin Acetate(GnRH) 2mg,8,https://www.researchpeptide.uk/product/gonadorelin-acetate-gnrh-2mg,"index, follow",Product Page
https://www.researchpeptide.uk/product/hcg-human-chorionic-gonadotropin-5000iu,200 expected,HCG (Human Chorionic Gonadotropin) 5000iu | Research Peptides UK,Premium research peptide for laboratory research use only.,HCG (Human Chorionic Gonadotropin) 5000iu,8,https://www.researchpeptide.uk/product/hcg-human-chorionic-gonadotropin-5000iu,"index, follow",Product Page
https://www.researchpeptide.uk/product/thymosin-beta-4-tb500-10mg,200 expected,Thymosin Beta 4 (TB500) 10mg | Research Peptides UK,Premium research peptide for laboratory research use only.,Thymosin Beta 4 (TB500) 10mg,8,https://www.researchpeptide.uk/product/thymosin-beta-4-tb500-10mg,"index, follow",Product Page
https://www.researchpeptide.uk/product/tesofensine-500mcg-60-capsules,200 expected,Tesofensine 500mcg (60 Capsules) | Research Peptides UK,Premium research peptide for laboratory research use only.,Tesofensine 500mcg (60 Capsules),8,https://www.researchpeptide.uk/product/tesofensine-500mcg-60-capsules,"index, follow",Product Page
https://www.researchpeptide.uk/product/kpv-5mg-10mg-or-250mcg-100tabs,200 expected,KPV 5mg/10mg or 250mcg 100Tabs | Research Peptides UK,Premium research peptide for laboratory research use only.,KPV 5mg/10mg or 250mcg 100Tabs,8,https://www.researchpeptide.uk/product/kpv-5mg-10mg-or-250mcg-100tabs,"index, follow",Product Page
https://www.researchpeptide.uk/product/retatrutide-glp-3,200 expected,Retatrutide GLP-3 | Research Peptides UK,Premium research peptide for laboratory research use only.,Retatrutide GLP-3,8,https://www.researchpeptide.uk/product/retatrutide-glp-3,"index, follow",Product Page
https://www.researchpeptide.uk/product/dsip-delta-sleep-inducing-peptide,200 expected,DSIP (Delta Sleep Inducing Peptide) | Research Peptides UK,Premium research peptide for laboratory research use only.,DSIP (Delta Sleep Inducing Peptide),8,https://www.researchpeptide.uk/product/dsip-delta-sleep-inducing-peptide,"index, follow",Product Page
https://www.researchpeptide.uk/product/mazdutide-10mg,200 expected,Mazdutide 10mg | Research Peptides UK,Premium research peptide for laboratory research use only.,Mazdutide 10mg,8,https://www.researchpeptide.uk/product/mazdutide-10mg,"index, follow",Product Page
https://www.researchpeptide.uk/product/follistatin-344-1mg,200 expected,Follistatin 344 1mg | Research Peptides UK,Premium research peptide for laboratory research use only.,Follistatin 344 1mg,8,https://www.researchpeptide.uk/product/follistatin-344-1mg,"index, follow",Product Page
https://www.researchpeptide.uk/product/gagrilintide-5mg,200 expected,Gagrilintide 5mg | Research Peptides UK,Premium research peptide for laboratory research use only.,Gagrilintide 5mg,8,https://www.researchpeptide.uk/product/gagrilintide-5mg,"index, follow",Product Page
https://www.researchpeptide.uk/product/gdf-8,200 expected,GDF-8 | Research Peptides UK,Premium research peptide for laboratory research use only.,GDF-8,8,https://www.researchpeptide.uk/product/gdf-8,"index, follow",Product Page
https://www.researchpeptide.uk/product/mk-677-ibutamoren-10mg-100-tablets,200 expected,MK-677 / Ibutamoren 10mg (100 Tablets) | Research Peptides UK,Premium research peptide for laboratory research use only.,MK-677 / Ibutamoren 10mg (100 Tablets),8,https://www.researchpeptide.uk/product/mk-677-ibutamoren-10mg-100-tablets,"index, follow",Product Page
https://www.researchpeptide.uk/product/ace-031-1mg,200 expected,Ace 031 1mg | Research Peptides UK,Premium research peptide for laboratory research use only.,Ace 031 1mg,8,https://www.researchpeptide.uk/product/ace-031-1mg,"index, follow",Product Page
https://www.researchpeptide.uk/product/bpc-10mg-tb-10mg-20mg-peptide-blend,200 expected,BPC 10mg + TB 10mg (20mg) – Peptide Blend | Research Peptides UK,Premium research peptide for laboratory research use only.,BPC 10mg + TB 10mg (20mg) – Peptide Blend,8,https://www.researchpeptide.uk/product/bpc-10mg-tb-10mg-20mg-peptide-blend,"index, follow",Product Page
https://www.researchpeptide.uk/product/glutathione-peptide,200 expected,Glutathione Peptide | Research Peptides UK,Premium research peptide for laboratory research use only.,Glutathione Peptide,8,https://www.researchpeptide.uk/product/glutathione-peptide,"index, follow",Product Page
https://www.researchpeptide.uk/product/igf-1-lr3-1mg,200 expected,IGF-1 LR3 1mg | Research Peptides UK,Premium research peptide for laboratory research use only.,IGF-1 LR3 1mg,8,https://www.researchpeptide.uk/product/igf-1-lr3-1mg,"index, follow",Product Page
https://www.researchpeptide.uk/product/mt-2-melanotan-2-acetate-10mg,200 expected,MT-2 (Melanotan 2 Acetate) 10mg | Research Peptides UK,Premium research peptide for laboratory research use only.,MT-2 (Melanotan 2 Acetate) 10mg,8,https://www.researchpeptide.uk/product/mt-2-melanotan-2-acetate-10mg,"index, follow",Product Page
https://www.researchpeptide.uk/product/nad-500mg,200 expected,Nad+ 500mg | Research Peptides UK,Premium research peptide for laboratory research use only.,Nad+ 500mg,8,https://www.researchpeptide.uk/product/nad-500mg,"index, follow",Product Page
https://www.researchpeptide.uk/product/prednisone,200 expected,Prednisone | Research Peptides UK,Premium research peptide for laboratory research use only.,Prednisone,8,https://www.researchpeptide.uk/product/prednisone,"index, follow",Product Page
https://www.researchpeptide.uk/product/tesamorelin-5mg-ipamorelin-5mg-10mg-total-peptide-blend,200 expected,Tesamorelin 5mg | Ipamorelin 5mg (10mg Total Peptide Blend) | Research Peptides UK,Premium research peptide for laboratory research use only.,Tesamorelin 5mg | Ipamorelin 5mg (10mg Total Peptide Blend),8,https://www.researchpeptide.uk/product/tesamorelin-5mg-ipamorelin-5mg-10mg-total-peptide-blend,"index, follow",Product Page
https://www.researchpeptide.uk/product/hgh-fragment-176-191-5mg,200 expected,HGH Fragment 176-191 5mg | Research Peptides UK,Premium research peptide for laboratory research use only.,HGH Fragment 176-191 5mg,8,https://www.researchpeptide.uk/product/hgh-fragment-176-191-5mg,"index, follow",Product Page
https://www.researchpeptide.uk/product/bacteriostatic-water-0-9-sodium-chloride-10ml-hospira-usp-injection,200 expected,Bacteriostatic Water 0.9% Sodium Chloride 10mL – Hospira USP Injection | Research Peptides UK,Premium research peptide for laboratory research use only.,Bacteriostatic Water 0.9% Sodium Chloride 10mL – Hospira USP Injection,8,https://www.researchpeptide.uk/product/bacteriostatic-water-0-9-sodium-chloride-10ml-hospira-usp-injection,"index, follow",Product Page
https://www.researchpeptide.uk/product/melatonin-10mg,200 expected,Melatonin 10mg | Research Peptides UK,Premium research peptide for laboratory research use only.,Melatonin 10mg,8,https://www.researchpeptide.uk/product/melatonin-10mg,"index, follow",Product Page
https://www.researchpeptide.uk/product/kisspeptin,200 expected,KissPeptin | Research Peptides UK,Premium research peptide for laboratory research use only.,KissPeptin,8,https://www.researchpeptide.uk/product/kisspeptin,"index, follow",Product Page
https://www.researchpeptide.uk/product/mots-c-mitochondrial-derived-peptide,200 expected,MOTS-C – Mitochondrial-Derived Peptide | Research Peptides UK,Premium research peptide for laboratory research use only.,MOTS-C – Mitochondrial-Derived Peptide,8,https://www.researchpeptide.uk/product/mots-c-mitochondrial-derived-peptide,"index, follow",Product Page
https://www.researchpeptide.uk/product/mt-1-melanotan-1-acetate-10mg,200 expected,MT-1 (Melanotan 1 Acetate) 10mg | Research Peptides UK,Premium research peptide for laboratory research use only.,MT-1 (Melanotan 1 Acetate) 10mg,8,https://www.researchpeptide.uk/product/mt-1-melanotan-1-acetate-10mg,"index, follow",Product Page
https://www.researchpeptide.uk/product/tadalafil-cialis-20mg-50pills,200 expected,Tadalafil (Cialis 20mg) 50pills | Research Peptides UK,Premium research peptide for laboratory research use only.,Tadalafil (Cialis 20mg) 50pills,8,https://www.researchpeptide.uk/product/tadalafil-cialis-20mg-50pills,"index, follow",Product Page
https://www.researchpeptide.uk/product/thymalin-10mg,200 expected,Thymalin 10mg | Research Peptides UK,Premium research peptide for laboratory research use only.,Thymalin 10mg,8,https://www.researchpeptide.uk/product/thymalin-10mg,"index, follow",Product Page
https://www.researchpeptide.uk/product/pt-141-10mg,200 expected,PT 141 10mg | Research Peptides UK,Premium research peptide for laboratory research use only.,PT 141 10mg,8,https://www.researchpeptide.uk/product/pt-141-10mg,"index, follow",Product Page
https://www.researchpeptide.uk/product/selank-5mg,200 expected,Selank 5mg | Research Peptides UK,Premium research peptide for laboratory research use only.,Selank 5mg,8,https://www.researchpeptide.uk/product/selank-5mg,"index, follow",Product Page
https://www.researchpeptide.uk/blog/oxford-peptides-and-uk-research-sourcing,200 expected,Oxford Peptides and UK Research Sourcing | Research Peptides UK,"**Quick Answer:** Researchers searching “Oxford peptides” usually want UK-trusted research peptide sourcing with documentation, discreet dispatch, and rese",Oxford Peptides and UK Research Sourcing,504,https://www.researchpeptide.uk/blog/oxford-peptides-and-uk-research-sourcing,"index, follow",Article
https://www.researchpeptide.uk/blog/ghrp-2-peptide-buying-and-research-notes,200 expected,GHRP-2 Peptide Buying and Research Notes | Research Peptides UK,**Quick Answer:** GHRP-2 (pralmorelin) is a growth-hormone secretagogue peptide used in UK laboratories to study ghrelin receptor (GHS-R) signalling—not fo,GHRP-2 Peptide Buying and Research Notes,422,https://www.researchpeptide.uk/blog/ghrp-2-peptide-buying-and-research-notes,"index, follow",Article
https://www.researchpeptide.uk/blog/igf-1-peptide-research-context,200 expected,IGF-1 Peptide Research Context | Research Peptides UK,"**Quick Answer:** IGF-1 peptides—including LR3 and DES variants—are studied in UK labs for insulin-like growth factor pathway modelling, receptor binding,",IGF-1 Peptide Research Context,447,https://www.researchpeptide.uk/blog/igf-1-peptide-research-context,"index, follow",Article
https://www.researchpeptide.uk/blog/semaglutide-peptide-uk-research-brief,200 expected,Semaglutide Peptide UK Research Brief | Research Peptides UK,**Quick Answer:** Semaglutide is a GLP-1 receptor agonist peptide studied in UK laboratories for incretin-pathway models—not for human prescribing. Researc,Semaglutide Peptide UK Research Brief,602,https://www.researchpeptide.uk/blog/semaglutide-peptide-uk-research-brief,"index, follow",Article
https://www.researchpeptide.uk/blog/how-to-buy-research-peptides-in-the-uk,200 expected,How to Buy Research Peptides in the UK | Research Peptides UK,"**Quick Answer:** To buy research peptides in the UK, qualified laboratories should verify research-only supplier policies, compare COA documentation, conf",How to Buy Research Peptides in the UK,663,https://www.researchpeptide.uk/blog/how-to-buy-research-peptides-in-the-uk,"index, follow",Article
https://www.researchpeptide.uk/blog/what-are-research-peptides,200 expected,What Are Research Peptides? | Research Peptides UK,**Quick Answer:** Research peptides are short chains of amino acids synthesised for controlled laboratory study—not for human or veterinary use. UK researc,What Are Research Peptides?,735,https://www.researchpeptide.uk/blog/what-are-research-peptides,"index, follow",Article
https://www.researchpeptide.uk/blog/bpc-157-tb-500-dual-action-blend-scientific-background-concentration-metrics-and-laborator,200 expected,"BPC-157 + TB-500 Dual Action Blend: Scientific Background, Concentration Metrics, and Laboratory Protocols | Research Peptides UK","**RESEARCH USE ONLY** — This product is supplied strictly as a lyophilised solid for laboratory research, in vitro studies, and animal modelling. It is not","BPC-157 + TB-500 Dual Action Blend: Scientific Background, Concentration Metrics, and Laboratory Protocols",959,https://www.researchpeptide.uk/blog/bpc-157-tb-500-dual-action-blend-scientific-background-concentration-metrics-and-laborator,"index, follow",Article
https://www.researchpeptide.uk/blog/bpc-157-acetate-vs-bpc-157-arginate-stability-half-life-and-lab-protocols,200 expected,"BPC-157 Acetate vs. BPC-157 Arginate: Stability, half-life, and Lab Protocols | Research Peptides UK",INTRODUCTION: THE CORE DIFFERENCE  Body Protection Compound-157 (BPC-157) is a synthetic pentadecapeptide derived from a naturally occurring protective pro,"BPC-157 Acetate vs. BPC-157 Arginate: Stability, half-life, and Lab Protocols",663,https://www.researchpeptide.uk/blog/bpc-157-acetate-vs-bpc-157-arginate-stability-half-life-and-lab-protocols,"index, follow",Article
https://www.researchpeptide.uk/blog/custom-peptide-synthesis-in-the-uk-navigating-quality-and-laboratory-standards,200 expected,Custom Peptide Synthesis in the UK: Navigating Quality and Laboratory Standards | Research Peptides UK,"INTRODUCTION: THE DEMAND FOR CUSTOM PEPTIDE SYNTHESIS  While off-the-shelf peptide catalogs cover common research targets, specialized laboratory workflows",Custom Peptide Synthesis in the UK: Navigating Quality and Laboratory Standards,558,https://www.researchpeptide.uk/blog/custom-peptide-synthesis-in-the-uk-navigating-quality-and-laboratory-standards,"index, follow",Article
https://www.researchpeptide.uk/blog/igf-1-peptide-in-clinical-workflows-receptor-dynamics-and-analytical-standards,200 expected,IGF-1 Peptide in Clinical Workflows: Receptor Dynamics and Analytical Standards | Research Peptides UK,"INTRODUCTION: WHAT IS IGF-1?  Insulin-like Growth Factor 1 (IGF-1), also known as somatomedin C, is a key endocrine and paracrine hormone that plays a fund",IGF-1 Peptide in Clinical Workflows: Receptor Dynamics and Analytical Standards,567,https://www.researchpeptide.uk/blog/igf-1-peptide-in-clinical-workflows-receptor-dynamics-and-analytical-standards,"index, follow",Article
https://www.researchpeptide.uk/blog/kpv-peptide-research-overview-clinical-directions-and-biological-stability,200 expected,KPV Peptide Research Overview: Clinical Directions and Biological Stability | Research Peptides UK,INTRODUCTION: WHAT IS THE KPV PEPTIDE?  KPV (Lysine-Proline-Valine) is a naturally occurring tripeptide that has emerged as a significant focus in molecula,KPV Peptide Research Overview: Clinical Directions and Biological Stability,615,https://www.researchpeptide.uk/blog/kpv-peptide-research-overview-clinical-directions-and-biological-stability,"index, follow",Article
